{"minzoom":0,"maxzoom":8,"center":[80.859375,7.710418,8.0],"bounds":[75.0,5.0,85.0,10.0]}