{"minzoom":0,"maxzoom":9,"center":[80.507812,6.664483,9.0],"bounds":[75.0,5.0,85.0,10.0]}